{"cameraMode":{"drawMode":0,"name":"Shaded","section":"Shading Mode"},"sceneLighting":true,"audioPlay":false,"sceneViewState":{"showFog":true,"showMaterialUpdate":false,"showSkybox":true,"showFlares":true,"showImageEffects":true,"showParticleSystems":true},"in2DMode":false,"pivot":{"x":2.4491024017333986,"y":3.588426113128662,"z":0.5243611335754395},"rotation":{"x":-0.09665200114250183,"y":0.629694402217865,"z":-0.07937820255756378,"w":-0.7667087912559509},"size":30.657329559326173,"orthographic":false}