{"cameraMode":{"drawMode":0,"name":"Shaded","section":"Shading Mode"},"sceneLighting":true,"audioPlay":false,"sceneViewState":{"showFog":true,"showMaterialUpdate":false,"showSkybox":true,"showFlares":true,"showImageEffects":true,"showParticleSystems":true},"in2DMode":false,"pivot":{"x":0.00016877800226211548,"y":2.0005078315734865,"z":0.00018233060836791992},"rotation":{"x":-0.10581900924444199,"y":-0.12022605538368225,"z":0.012932738289237023,"w":-0.9870060086250305},"size":3.2316102981567385,"orthographic":false}